Playlist Title,Playlist id
SERENA-6 & ctDNA-Guided Therapy in mBC with Drs. Anne O'Dea & Mabel Mardones,PLav3R-w-lXKw
Can Camizestrant Change HR+ Breast Cancer Care?— with Drs. Caitlin Taylor & Andrew Davis,PLWtofUIIRBRM
T-DXd in Early HER2+ Breast Cancer with Drs. Mabel Mardones & Joyce O'Shaughnessy,PLFgApH2FAqDg
Targeting & Sequencing Endocrine Pathways After CDK4/6i with Drs. Nusayba Bagegni & Philip Lammers,PLdSeYvo-HjwI
"T-DXd: New Curative Approvals & HER2+ Landscape with Drs. Hope Rugo, Sarah Hurvitz & Jennifer Tseng",PLKohEF3nFzQY
ADC Integration & Toxicity in Breast and Thoracic Oncology with Drs. Megan Kruse & Lukas Delasos,PLTKLCRfxstYg
The Second-Line Landscape for HR+/HER2- mBC: The Role of Capivasertib with Drs. Rao & Nasrazadani,PLUx8kE6fc2BM
Earlier ESR1 Detection & Oral SERDs in Metastatic BC with Drs. Hope Rugo & Rebecca Shatsky,PLKedvZGATjuQ
ADC Integration in Breast & Lung Cancer: The Role of Dato-DXd with Drs. Neil Iyengar & Ticiana Leal,PLKarHnq5VzsE
ADCs in Breast & Lung Cancer with Drs. Jason Mouabbi & Eric Singhi,PLITXntKO-0aI
"DESTINY-Breast11, DESTINY-Breast05 & What Comes Next with Drs. Neil Iyengar & Komal Jhaveri",PLbgxPxCAKZEY
Rewriting Neoadjuvant & Adjuvant HER2+ BC Strategy with Drs. Alison Conlin & Heather McArthur,PLeOf7iClCl1w
Can T-DXd Change Early HER2+ Breast Cancer Forever? with Drs. Ruta Rao & VK Gadi,PLDZku8XLf4eM
"ESMO 2025 Roundtable: Redefining HER2, ADCs & the Future of Breast Cancer Care",PLN6QO6cI2YGA
FirstLine TNBC: How TRO-Breast02 & ASCENT-03 Change the Game with Drs. Neil Iyengar & Erika Hamilton,PLR9bQvhlQeCc
What DB-05 & DB-11 Mean for Patients with Drs. Gregory Vidal & Erika Hamilton,PLaBo1aVoIW9I
Breakthrough Data in Metastatic TNBC with Drs. Mark Pegram & Ana Garrido-Castro,PLd2tkBhWreDQ
"Beyond pCR and Toward Brain Protection with Drs. Jason Mouabbi, Irene Kang, & Ruemu Birhiray",PLZY4Poufmx5k
PARP Inhibitors in Early Breast Cancer: Who and When to Treat with Drs. Neil Iyengar & Mark Robson,PLVcLuc9zo16o
T-DXd’s Rise in HER2+ & HER2-Low Breast Cancer with Drs. Mark Pegram & Neil Iyengar,PLQzv-iCdRhmI
DB09 & The Future of HER2+Care with Drs. Jason Mouabbi & Mothaffar Rimawi,PLPQa4y87Jl18
Talking DB04 and DB06 with Drs. Jason Mouabbi & Michelina Cairo,PLSo5xfj72n1c
Navigating HER2 Low and Ultra Low Disease with Drs. VK Gadi & Fengting Yan,PLR4PwricNGII
Redefining HER2 Classifications and Treatments with Drs. Aditya Bardia & Reena Callahan,PLct__aLxmoRc
"T-Dxd, HER2 Low & The Future of Breast Cancer Treatment with Drs. Jason Mouabbi & Paolo Tarantino",PLExdAU-t4D0A
Advances in HER2 Positive Breast Cancer Treatment with Drs. VK Gadi & Anne O'Dea,PLO20RLLk2z1I
HER2 Positive & HER2 Low Updates and Therapies with Drs. VK Gadi & Jason Mouabbi,PLOe1jKR4Xtwg
MATTERHORN Roundtable: Perioperative FLOT & Immunotherapy Updates in Gastric Cancer,PLIFUaL_szCzA
"Integrating T-DXd in HER2+ Breast Cancer: DB11, DB05 & DB09 with Drs. Rena Callahan & Aditya Bardia",PLfXPCNp8Kb0A
EMERALD-3 Roundtable: Hepatocellular Carcinoma Trial Breakdown & Insights,PL2Hl5AUWjkchUUxU15xgT-X_C4et-Dify
Managing Capivasertib & the AKT Pathway in 2L mBC with Drs. Ursa Brown-Glaberman & Karthik Giridhar,PL2Hl5AUWjkcjfYd0m1_8xSra38S-x_Ox1
"Expanding T-DXd Across HER2 + Breast Cancer with Drs. Sarah Premji, Reshma Mahtani & Terry Mamounas",PL2Hl5AUWjkcj-RIVmF-0f7z7b-_cytpYk
"Frontline TNBC and ADC Advances with Drs. Jason Mouabbi, Alison Conlin & Reva Basho",PL2Hl5AUWjkcjRRKmt8ZR_Kz4GmD1EJL3b
"First-Line ADCs in Metastatic TNBC with Drs. Megan Kruse, Ryan Rader & Praveen Vikas",PL2Hl5AUWjkcj3vkONOPa7QTgidk-uYiPs
"DESTINY-Breast05, DESTINY-Breast11 and T-DXd Integration with Drs. Abi Siva & Carey Anders",PL2Hl5AUWjkcjR5RhPMexUndYpzxeW_GwF
"First-Line T-DXd in HER2+ mBC with Drs. Jason Mouabbi, Fengting Yan & Paolo Tarantino",PL2Hl5AUWjkci0aLomE8u14qLV29S41Rpf
First-Line ADCs in Metastatic Triple-Negative Breast Cancer with Drs. Sangeetha Reddy & Ahmed Elkhanany,PL2Hl5AUWjkcikLW6TwfH-P2pJ_4ckId0E
"Integrating T-DXd Across HER2+ Care with Drs. Megan Kruse, William Gradishar & Ajaz Khan",PL2Hl5AUWjkciQzckFkAAYwzo-fh_22am6
Endocrine Resistance & ESR1 Mutations with Drs. Mark Pegram & Seth Wander,PL2Hl5AUWjkcgSSPM9hvXUObZxAXuYUfYy
"AKT-Pathway & Sequencing in ER+ mBC with Drs. Marcela Mazo Canola, Akshjot Puri & Giancarlo Moscol",PL2Hl5AUWjkciN_qL9SFWtZt4HKwq5UZhm
"T-DXd in Early HER2+ Breast Cancer with Drs. Gregory Vidal, Pooja Advani & Tari King",PL2Hl5AUWjkcjwx7SJFk38M16qPix0NDMo
"DB11 & DB05 Change HER2+ Care with Drs. Joyce O'Shaughnessy, Anthony Lucci & Mothaffar Rimawi",PL2Hl5AUWjkciGrypyMi6BxxmqCNC1iKfP
"Unpacking DESTINY-Breast09 in HER2+ mBC with Drs. Jason Mouabbi, Ruta Rao, & Mark Pegram",PLch996tneleU
Dato-DXd & First-Line ADC Strategies in Metastatic TNBC with Drs. Hope Rugo & Rebecca Shatsky,PL2Hl5AUWjkcgfalAy7CC9Kd3JqDu0GW06
"ESR1 Monitoring & Camizestrant in mBC with Drs. Neil Iyengar, Manali Bhave & Reshma Mahtani",PL2Hl5AUWjkcgukYDLZac-KFW5mSN_mg_0
ESR1 Mutation Monitoring & Oral SERDs in mBC with Drs. Megan Kruse & Carol Tweed,PL2Hl5AUWjkcj3YIIpsy0WUtjj514IfAAd
"SERENA-6, ESR1 Mutations & Molecular Progression with Drs. Jason Mouabbi & Ahmed Elkhanany",PL2Hl5AUWjkcg8TYSIK41iEPonlqY4mmuT
Sequencing PI3K/AKT Therapies in Metastatic Breast Cancer with Drs. Rebecca Shatsky & Reva Basho,PL2Hl5AUWjkci3vKRggtAhxUJT5tJSgeJ_
"AKT Inhibition Efficacy & Tolerability with Drs. Neil Iyengar, Manali Bhave & Reshma Mahtani",PL2Hl5AUWjkcixDvomc3A7owlv3p-Qq9GF
Biomarker Testing & Precision Targeting in the PI3K/AKT Pathway with Drs. Erica Mayer & Seth Wander,PL2Hl5AUWjkcgckzmkiuUyd6Y0e5rJeL4f
SERENA-6 and Camizestrant in Breast Cancer with Drs. Seth Wander & Erica Mayer,PL2Hl5AUWjkcjnfuWLUEl-wGOj4yZBLueO
"The Future of BC Treatment & Precision Oncology with Drs. Ricardo Alvarez, Marcela Canola & Ana Leon",PL2Hl5AUWjkcjwpYClnNzywmyZgGZ5eU7a
SERENA-6 & Early Endocrine Resistance with Drs. Sigrun Hallmeyer & William Gradishar,PL2Hl5AUWjkciIPJ7VDWnpDOR7JejhYRhQ
"DB09, PATINA, DB05 & DB11 in HER2+ Breast Cancer with Drs. VK Gadi & Tarah Ballinger",PL2Hl5AUWjkci14GmXhpl50VQqTPqY4G3n
Datopotamab Deruxtecan vs Sacituzumab Govitecan Explained with Drs. Bill Gradishar & Tiffany Traina,PL2Hl5AUWjkch8F7LYwrK7ZSkeuIu1uZ1v
"Cleopatra, DESTINY-Breast09 & What Comes Next with Drs. Bill Gradishar, Tarah Ballinger, & Megan Kruse",PL2Hl5AUWjkcj4cuPQAXMyHtcPgcDRhWiq
New First-Line Strategies in HER2+ Metastatic Breast Cancer with Dr. Mark Pegram & Dr. Carol Tweed,PL2Hl5AUWjkch0BhbecHExDoFI-BIOCuvp
Is HER2+ Metastatic Breast Cancer Curable? What Comes Next - Dr. Gregory Vidal & Dr. Nusayba Bagegni,PL2Hl5AUWjkchqQepKWLujRJqTzWBq7ga3
"DB09 Leading Towards New FirstLine Standard Of Care with Drs. Amy Krie, Mabel Mardones, & Anne O'Dea",PL2Hl5AUWjkcj1AMFtfkKNxWru-8oqXiE_
"Is T-DXd + Pertuzumab New First Line Standard with Drs. Neil Iyengar, Komal Jhaveri, & Igor Makhlin",PL2Hl5AUWjkcgctNi0rmnc_UcGhfgVBQ5w
Has HER2+ First-Line Treatment Officially Changed? with Drs. Neil Iyengar & Martin Dietrich,PL2Hl5AUWjkchY4CKaO-YFbzZ85bmIrDLA
DESTINY-Breast09 & the Future of Care with Drs. Irene Kang & Aditya Bardia,PL2Hl5AUWjkci_7ihXb_CxYRx44m5advu4
Is T-DXd Rewriting First-Line HER2+ Metastatic Breast Cancer with Drs. Mark Pegram & Fengting Yan,PL2Hl5AUWjkcgiwYUMn1xZE0OcJ7kkFgC_
"Rethinking 1L HER2+ Therapy + T-DXd with Drs. Jason Mouabbi, Joyce O’Shaughnessy & Mothaffar Rimawi",PL2Hl5AUWjkchaSnGOSPayrLvVI5VZw-Xr
